zip,fips,tract,geoid,pop_2020,overlap
20007,11001,0008.04,11001000804,2468,0.092
20007,11001,0008.02,11001000802,3327,0.124
20007,11001,0007.04,11001000704,657,0.0245
20007,11001,0007.03,11001000703,156,0.0058
20007,11001,0007.02,11001000702,3452,0.1287
20007,11001,0004.00,11001000400,1099,0.041
20007,11001,0003.00,11001000300,6161,0.2297
20007,11001,0002.02,11001000202,4672,0.1742
20007,11001,0002.01,11001000201,17,0.0006
20007,11001,0001.02,11001000102,3412,0.1272
20007,11001,0001.01,11001000101,1406,0.0524